ground_truth,prediction,certainty
1,1,0.97332
1,1,0.77475
1,1,0.94286
1,1,0.99418
1,1,0.99849
1,1,0.94349
1,1,0.9753
1,1,0.99988
1,1,0.99993
1,1,0.96244
1,1,0.99966
1,1,0.94301
1,1,0.99781
1,1,0.99968
1,1,0.98602
1,1,0.9996
1,1,0.99403
1,1,0.79781
1,1,0.25046
1,1,0.99802
1,1,0.98792
1,1,0.99057
1,1,0.86586
2,1,0.91877
2,1,0.98146
2,1,0.9999
2,1,0.95323
2,2,0.4562
2,1,0.91291
2,1,0.99997
2,1,0.91877
