ground_truth,prediction,certainty
1,1,0.99103
1,1,0.99908
1,1,0.99753
1,1,0.98962
1,1,0.98787
1,1,0.96127
1,1,0.99963
1,1,0.97805
1,1,0.98019
1,1,0.97815
1,1,0.9853
1,1,0.99292
1,1,0.98292
1,1,0.99685
2,2,0.97667
2,2,0.43031
2,2,0.97682
2,2,0.99954
2,2,0.67123
2,2,0.066989
2,2,0.76282
2,2,0.54701
